Category,Kid ID,Kid Name,Gift
Toys and Vehicles,1,Roman,Door Basketball Hoop
Toys and Vehicles,6,Calliope,Beauty Salon Set
Toys and Vehicles,61,Derya,Superhero Action Figure
Musical Instruments,2,Yui,Rhythm Tambourine
Musical Instruments,4,Irina,Wireless Headphones
Musical Instruments,7,Anamaria,Music Mixing Set
Musical Instruments,9,Feng,Performance Microphone
Musical Instruments,19,Solomon,Music Production Set
Musical Instruments,32,Quan,Music Amplifier
Musical Instruments,36,Miruna,Brass Trumpet
Musical Instruments,89,Ciprian,Musical Keyboard
Musical Instruments,91,Sofia,Music Production Set
Musical Instruments,95,Zhen,Music Mixing Set
Musical Instruments,101,Ludmila,Music Mixing Set
Musical Instruments,110,Emine,Steel Drum Set
Musical Instruments,121,Victor,Steel Drum Set
Musical Instruments,129,Jason,Brass Trumpet
Musical Instruments,131,Elif,Steel Drum Set
Musical Instruments,158,Kaveh,Music Synthesizer
Musical Instruments,183,Rania,Performance Microphone
Educational Kits,3,Kento,School House Pack
Games and Puzzles,5,Corina,Rocket Building Set
Games and Puzzles,10,Hui,Diamond Dig Set
Games and Puzzles,20,Xia,Trivia Game Set
Games and Puzzles,37,Ratana,Operation Game
Games and Puzzles,55,Leonid,Ancient Mancala Game
Games and Puzzles,62,Daria,Construction Games
Games and Puzzles,67,Maxim,Tile Strategy Games
Games and Puzzles,82,Aisha,Rocket Building Set
Games and Puzzles,85,Abena,Winter Snowboard
Games and Puzzles,92,Gustav,Candy Land Game
Games and Puzzles,117,Nikolai,Rocket Building Set
Games and Puzzles,147,Ludmila,Tile Strategy Games
Games and Puzzles,197,Miguel,Tile Strategy Games
Food Cooking,8,Ileana,Cooking Master Kit
Food Cooking,114,Vitaly,Chef Cooking Set
Food Cooking,134,Jing,Baking Master Set
Food Cooking,180,Timofey,Pastry Baking Set
Food Cooking,194,Amine,Origami Master Kit
Food Cooking,199,Luminita,Cooking Master Kit
Miscellaneous,11,Athena,Geology Rock Collection
Miscellaneous,12,Hyun-woo,Playing Card Set
Miscellaneous,13,Noah,Digital Microscope
Miscellaneous,14,Aaradhya,Play-Doh Creative Studio
Miscellaneous,15,Min-jun,Fossil Hunting Pack
Miscellaneous,16,Hassan,Marble Run Supreme
Miscellaneous,17,Folami,Pottery Wheel Studio
Miscellaneous,18,Adam,LED Light Sneakers
Miscellaneous,21,Aoi,String Viola
Miscellaneous,22,Roya,French Horn
Miscellaneous,23,Folami,Professional Golf Set
Miscellaneous,24,Advait,Ancient Life Set
Miscellaneous,25,Ekaterina,Meditation Set
Miscellaneous,27,Sofia,Hot Dog Stand
Miscellaneous,28,Quan,Auto Garage Set
Miscellaneous,30,Rostam,Blood Study Pack
Miscellaneous,34,Samira,Costume Wardrobe
Miscellaneous,35,Naomi,Practice Cello
Miscellaneous,38,Sebastian,Language Learning Set
Miscellaneous,39,Sorin,Restaurant Play Set
Miscellaneous,40,Ibrahim,Lawn Croquet Set
Miscellaneous,41,Niamh,Eye Study Set
Miscellaneous,42,Alisa,Bug Catching Equipment
Miscellaneous,44,Cassandra,Burger Joint Set
Miscellaneous,45,Yaroslav,Rubik's Cube Set
Miscellaneous,48,Yohannes,Deep Sea Submarine
Miscellaneous,51,Min-jun,Fossil Hunting Pack
Miscellaneous,52,Hye-jin,Professional Soccer Ball
Miscellaneous,53,Arthit,Garden Tool Collection
Miscellaneous,56,Klaus,Cotton Candy Maker
Miscellaneous,57,Leila,Compass Navigation Set
Miscellaneous,58,Sanaa,Lizard Study Pack
Miscellaneous,64,Thanh,Woodwind Recorder
Miscellaneous,65,Niamh,Architecture Pack
Miscellaneous,66,Anastasiya,Three-Wheel Cycle
Miscellaneous,71,Ioan,Fossil Hunting Pack
Miscellaneous,72,Marina,Language Learning Set
Miscellaneous,74,Cheng,Electric Train Set
Miscellaneous,75,Tatiana,World Globe
Miscellaneous,77,Zalika,Paint By Numbers Bundle
Miscellaneous,79,Svetlana,Professional Golf Set
Miscellaneous,80,Florin,Rain Gauge Set
Miscellaneous,83,Makena,Meditation Set
Miscellaneous,84,Ahmed,Architecture Pack
Miscellaneous,87,Adanna,Sleep Research Set
Miscellaneous,90,Roya,Explorer Binoculars
Miscellaneous,94,Anders,Balance Study Pack
Miscellaneous,96,Divya,Medieval Castle
Miscellaneous,97,Caoimhe,Printmaking Set
Miscellaneous,99,Sorin,Moldable Sand Set
Miscellaneous,102,Grigory,Flying Airplane
Miscellaneous,103,Amira,Kinetic Sand Table
Miscellaneous,104,Zinaida,Bone Structure Set
Miscellaneous,106,Pensri,Boxing Training Set
Miscellaneous,109,Ibrahim,Tide Pool Set
Miscellaneous,112,Pavel,Aquatic RC Boat
Miscellaneous,113,Sofiya,Monster Truck
Miscellaneous,115,Kareem,Sweet Shop Set
Miscellaneous,118,Priya,Savanna Builder Set
Miscellaneous,119,Dragos,Donut Shop Set
Miscellaneous,122,Madalina,Gecko Research Set
Miscellaneous,124,Ilya,Dinosaur Collection
Miscellaneous,125,Mariana,Knight's Armor Set
Miscellaneous,126,Ratana,Metal Working Set
Miscellaneous,127,Hassan,Pottery Master Set
Miscellaneous,128,Hoa,Astronomical Telescope
Miscellaneous,130,Oscar,Turtle Habitat Set
Miscellaneous,135,Nasrin,Speed Boat
Miscellaneous,138,Marina,Percussion Xylophone
Miscellaneous,139,Mehdi,Number Learning Set
Miscellaneous,140,Leonidas,Stunt Airplane
Miscellaneous,141,Magnus,Exercise Trampoline
Miscellaneous,142,Lars,Book Store Set
Miscellaneous,143,Ali,Library Builder Set
Miscellaneous,144,Wei,Garden Tool Collection
Miscellaneous,145,Yulia,Meditation Set
Miscellaneous,148,Hamza,LED Light Sneakers
Miscellaneous,150,Van,Concert Harp
Miscellaneous,152,Van,Problem Solving Pack
Miscellaneous,153,Ekaterina,Snail Garden Pack
Miscellaneous,155,Arjun,Reading Library Set
Miscellaneous,159,Diana,Beginner Sewing Machine
Miscellaneous,160,Abigail,Folk Accordion
Miscellaneous,168,Lars,Wild Safari Collection
Miscellaneous,170,Raj,Pottery Wheel Studio
Miscellaneous,173,Haile,Yellow School Bus
Miscellaneous,174,Oscar,Exercise Trampoline
Miscellaneous,176,Emre,Ice Cream Shop
Miscellaneous,177,Fatima,Construction Site Builder
Miscellaneous,179,Yasmin,Knitting Studio Set
Miscellaneous,182,Daniil,Moldable Sand Set
Miscellaneous,184,Yusuf,Play-Doh Creative Studio
Miscellaneous,187,Shanaya,Picnic Set Deluxe
Miscellaneous,188,Niran,Dirt Bike Racer
Miscellaneous,189,Adriana,Porcelain Tea Set
Miscellaneous,190,Mihai,Woodwind Recorder
Miscellaneous,191,Ali,Lawn Croquet Set
Miscellaneous,192,Eden,Foam Missile Launcher
Miscellaneous,193,Krishna,Circus Performance Pack
Miscellaneous,195,Golnar,Hermit Crab Habitat
Miscellaneous,198,Roman,Play-Doh Creative Studio
Miscellaneous,200,Svetlana,Veterinary Clinic Set
Educational Kit,26,Jason,Gourmet Play Kitchen
Educational Kit,29,Leah,Weaving Loom Kit
Educational Kit,31,Ling,Lung Explorer Kit
Educational Kit,33,Diego,Jungle Safari Kit
Educational Kit,43,Raisa,Biology Lab Kit
Educational Kit,46,Elizaveta,Programmable Robot
Educational Kit,47,Aisha,Worm Farm Kit
Educational Kit,50,Gustav,Theater Production Kit
Educational Kit,59,Jamal,Computer Science Pack
Educational Kit,69,Cassandra,Meteorology Kit
Educational Kit,78,Sanda,Firefly Catching Kit
Educational Kit,81,Kofi,Pressure Study Kit
Educational Kit,86,Sergei,Clay Pottery Kit
Educational Kit,88,Oliver,Ice Cream Parlor Kit
Educational Kit,93,Cyrus,Spider Research Kit
Educational Kit,98,Radu,Engineering Builder Kit
Educational Kit,100,Valentin,Theater Production Kit
Educational Kit,107,Shaurya,Star Constellation Kit
Educational Kit,108,Abdullah,Microscope Explorer Kit
Educational Kit,111,Klaus,Fish Study Kit
Educational Kit,116,Erik,Bridge Constructor Kit
Educational Kit,123,Yan,Arctic Expedition Kit
Educational Kit,133,Anastasia,Hiking Adventure Kit
Educational Kit,136,Luis,Wave Study Kit
Educational Kit,149,Duc,Detective Investigation Kit
Educational Kit,156,Ksenia,Robot Programming Kit
Educational Kit,157,Linnea,Wetland Creator Kit
Educational Kit,162,Oleg,Alien Discovery Kit
Educational Kit,163,Daniel,Dragon Building Kit
Educational Kit,164,Jabari,Enchanted Forest Kit
Educational Kit,166,Gheorghe,Jungle Safari Kit
Educational Kit,167,Dev,Volcano Making Kit
Educational Kit,169,Ishaan,Fish Study Kit
Educational Kit,171,Leonidas,Hiking Adventure Kit
Educational Kit,172,Getachew,Gourmet Play Kitchen
Educational Kit,178,Vitaly,Fish Study Kit
Educational Kit,181,Yusuf,Marine Biology Lab
Educational Kit,196,Min-seo,Stained Glass Kit
Outdoor Activities,49,Kwame,Adventure Explorer Set
Outdoor Activities,73,Haile,Fishing Rod Set
Outdoor Activities,151,Osman,Outdoor Camping Set
Outdoor Activities,154,Shanaya,Adventure Explorer Set
Outdoor Activities,185,Yulia,Fishing Trip Set
Arts and Crafts,54,Koki,Premium Art Supplies
Arts and Crafts,60,Dragos,Face Painting Set
Arts and Crafts,63,Babajide,Drawing Studio Kit
Arts and Crafts,70,Teodora,Glass Art Pack
Arts and Crafts,76,Benjamin,Premium Art Supplies
Arts and Crafts,105,Chukwudi,Sculpture Pack
Arts and Crafts,132,Ayse,Ice Cream Cart
Arts and Crafts,137,Yusuf,Starter Ukulele
Arts and Crafts,146,Xiu,GPS Smart Watch
Arts and Crafts,161,Natasha,Magnetic Drawing Board
Arts and Crafts,165,Yusuf,Aquarium Starter Kit
Arts and Crafts,175,Golnar,Glass Art Pack
Arts and Crafts,186,Miu,Candy Cart Set
Animal and Nature,68,Tsion,Pet Store Set
Animal and Nature,120,Marina,Mountain Wildlife Set
