ID,Name,Country,Gift
1,Roman,Thailand,Wildlife Observation Cards
2,Yui,Canada,Children's Encyclopedia
3,Kento,Portugal,DIY Birdhouse Kit
6,Calliope,Italy,Eco-Friendly Craft Supplies
10,Hui,Brazil,Beginner's Calligraphy Set
12,Hyun-woo,Colombia,Wildlife Observation Cards
15,Min-jun,India,Painting Set with Acrylics
18,Adam,Morocco,Beginner's Calligraphy Set
19,Solomon,Mexico,Pocket Microscope
21,Aoi,United Kingdom,Painting Set with Acrylics
26,Jason,India,Pocket Microscope
29,Leah,United States,DIY Birdhouse Kit
30,Rostam,France,Pocket Microscope
33,Diego,United Kingdom,Beginner's Watercolor Set
36,Miruna,France,Painting Set with Acrylics
38,Sebastian,United States,Animal Habitat Flashcards
40,Ibrahim,Russia,DIY Birdhouse Kit
43,Raisa,Japan,DIY Birdhouse Kit
46,Elizaveta,Italy,Beginner's Calligraphy Set
47,Aisha,Russia,Beginner's Calligraphy Set
48,Yohannes,Brazil,Painting Set with Acrylics
49,Kwame,Japan,Kid-Friendly Gardening Set
50,Gustav,Germany,Solar-Powered Toy Car Kit
53,Arthit,Ghana,Easy-to-Assemble Puzzle
54,Koki,India,Pocket Microscope
57,Leila,United Kingdom,Kid-Friendly Gardening Set
58,Sanaa,China,Beginner's Calligraphy Set
59,Jamal,United States,Simple Experiment Tools
60,Dragos,Dominican Republic,Simple Experiment Tools
62,Daria,Madagascar,Kid-Friendly Gardening Set
66,Anastasiya,Iran,Wooden Train Set
71,Ioan,China,Kid-Friendly Gardening Set
73,Haile,Poland,Pocket Microscope
74,Cheng,United States,Easy-to-Assemble Puzzle
75,Tatiana,Russia,Solar-Powered Toy Car Kit
76,Benjamin,Turkey,Painting Set with Acrylics
78,Sanda,Spain,Pocket Microscope
79,Svetlana,Italy,DIY Birdhouse Kit
80,Florin,Brazil,Easy-to-Assemble Puzzle
81,Kofi,India,Beginner's Calligraphy Set
82,Aisha,Colombia,Solar-Powered Toy Car Kit
87,Adanna,Turkey,Kid-Friendly Gardening Set
88,Oliver,Egypt,Simple Experiment Tools
91,Sofia,India,Solar-Powered Toy Car Kit
93,Cyrus,India,Painting Set with Acrylics
96,Divya,Pakistan,Easy-to-Assemble Puzzle
99,Sorin,Bulgaria,Simple Experiment Tools
101,Ludmila,Bangladesh,Solar-Powered Toy Car Kit
103,Amira,Vietnam,Eco-Friendly Craft Supplies
104,Zinaida,Russia,DIY Birdhouse Kit
105,Chukwudi,Algeria,DIY Birdhouse Kit
106,Pensri,Italy,Pocket Microscope
108,Abdullah,Turkey,Simple Experiment Tools
110,Emine,Madagascar,Solar-Powered Toy Car Kit
111,Klaus,India,DIY Birdhouse Kit
112,Pavel,United Kingdom,Kid-Friendly Gardening Set
113,Sofiya,Chile,DIY Bracelet Kit
115,Kareem,United States,Fun Geography Puzzle
116,Erik,Guatemala,DIY Bracelet Kit
117,Nikolai,Burundi,Solar-Powered Toy Car Kit
118,Priya,Brazil,Simple Experiment Tools
121,Victor,Mexico,Easy-to-Assemble Puzzle
122,Madalina,Mexico,Solar-Powered Toy Car Kit
123,Yan,Nepal,Simple Experiment Tools
126,Ratana,Brazil,Solar-Powered Toy Car Kit
127,Hassan,West Bank,DIY Birdhouse Kit
128,Hoa,Italy,Simple Experiment Tools
129,Jason,Morocco,Painting Set with Acrylics
130,Oscar,Vietnam,Beginner's Calligraphy Set
131,Elif,Philippines,Solar-Powered Toy Car Kit
133,Anastasia,Taiwan,Fun Geography Puzzle
134,Jing,Trinidad and Tobago,Painting Set with Acrylics
136,Luis,Moldova,Wildlife Observation Cards
139,Mehdi,United States,Kid-Friendly Gardening Set
141,Magnus,Hungary,RC Car with LED Lights
142,Lars,Germany,Pocket Microscope
143,Ali,United States,Easy-to-Assemble Puzzle
144,Wei,India,DIY Birdhouse Kit
145,Yulia,India,Outdoor Adventure Kit
146,Xiu,Brazil,RC Car with LED Lights
147,Ludmila,Tunisia,Easy-to-Assemble Puzzle
149,Duc,El Salvador,Animal Sticker Collection
150,Van,Canada,Outdoor Adventure Kit
154,Shanaya,Slovenia,Painting Set with Acrylics
155,Arjun,United States,Beginner's Calligraphy Set
156,Ksenia,Colombia,Wildlife Observation Cards
159,Diana,United States,Kid-Friendly Gardening Set
160,Abigail,India,Outdoor Adventure Kit
161,Natasha,Turkey,Storybook of Great Inventors
162,Oleg,United States,World Map Puzzle
166,Gheorghe,India,DIY Birdhouse Kit
167,Dev,New Zealand,Painting Set with Acrylics
170,Raj,Brazil,Painting Set with Acrylics
173,Haile,Colombia,Simple Experiment Tools
174,Oscar,United States,Outdoor Adventure Kit
175,Golnar,France,Simple Experiment Tools
177,Fatima,Madagascar,Solar-Powered Toy Car Kit
178,Vitaly,United States,Easy-to-Assemble Puzzle
185,Yulia,Philippines,Animal Habitat Flashcards
188,Niran,United States,Simple Experiment Tools
190,Mihai,India,Wildlife Observation Cards
196,Min-seo,United States,Beginner's Calligraphy Set
197,Miguel,United States,Solar-Powered Toy Car Kit
199,Luminita,Madagascar,Wildlife Observation Cards
200,Svetlana,Germany,Solar-Powered Toy Car Kit
